FinishTime,ArrivalTime,ServiceTime,ID
7.67294,5.45072,0.740741,387144
15.6183,13.3961,0.740741,387145
16.4869,14.2646,0.740741,387146
19.1902,16.9679,0.740741,387147
24.7691,22.5468,0.740741,387148
27.5796,25.3574,0.740741,387149
32.869,30.6468,0.740741,387150
33.8968,31.6745,0.740741,387151
38.4551,36.2328,0.740741,387152
50.1616,47.9394,0.740741,387153
51.6712,49.449,0.740741,387154
54.1056,51.8834,0.740741,387155
56.6038,54.3815,0.740741,387156
57.6792,55.457,0.740741,387157
60.8039,58.5817,0.740741,387158
62.0673,59.8451,0.740741,387159
63.5609,61.3387,0.740741,387160
70.1313,67.9091,0.740741,387161
90.7647,88.5425,0.740741,387162
92.8053,90.5831,0.740741,387163
107.27,105.047,0.740741,387165
108.57,104.126,1.48148,387164
109.075,106.853,0.740741,387166
110.146,107.924,0.740741,387167
110.89,108.668,0.740741,387168
121.65,119.428,0.740741,387169
122.405,120.183,0.740741,387170
125.575,123.353,0.740741,387171
129.535,127.313,0.740741,387172
129.706,127.484,0.740741,387173
137.575,130.908,2.22222,387174
142.395,140.173,0.740741,387175
148.468,141.801,2.22222,387176
151.992,145.325,2.22222,387177
152.13,145.464,2.22222,387178
152.475,150.253,0.740741,387179
156.736,154.514,0.740741,387180
159.836,157.614,0.740741,387181
160.007,157.785,0.740741,387182
160.047,157.825,0.740741,387183
163.297,161.075,0.740741,387184
171.048,164.381,2.22222,387185
177.581,175.359,0.740741,387186
177.867,175.644,0.740741,387187
177.946,175.723,0.740741,387188
184.824,182.602,0.740741,387189
190.46,188.238,0.740741,387190
190.575,188.353,0.740741,387191
200.134,197.912,0.740741,387192
207.961,201.295,2.22222,387193
209.351,202.684,2.22222,387194
227.001,224.779,0.740741,387196
228.13,223.685,1.48148,387195
228.135,225.913,0.740741,387197
231.435,229.213,0.740741,387198
243.764,239.319,1.48148,387199
246.893,244.671,0.740741,387200
247.756,245.534,0.740741,387201
255.827,251.382,1.48148,387202
263.685,261.463,0.740741,387204
265.596,258.929,2.22222,387203
265.763,263.541,0.740741,387205
272.509,265.842,2.22222,387206
273.141,266.475,2.22222,387207
277.969,275.747,0.740741,387208
278.833,276.611,0.740741,387209
309.442,307.22,0.740741,387210
319.296,317.073,0.740741,387211
324.336,322.114,0.740741,387212
327.59,325.367,0.740741,387213
328.146,325.924,0.740741,387214
330.809,328.586,0.740741,387215
330.896,328.674,0.740741,387216
333.58,331.358,0.740741,387217
346.545,344.323,0.740741,387218
352.29,350.068,0.740741,387219
352.314,350.092,0.740741,387220
363.506,361.283,0.740741,387221
363.582,361.36,0.740741,387222
367.149,364.927,0.740741,387223
375.081,372.859,0.740741,387224
376.878,374.656,0.740741,387225
382.401,380.179,0.740741,387226
385.639,383.416,0.740741,387228
388.167,381.5,2.22222,387227
391.973,389.751,0.740741,387229
403.767,401.545,0.740741,387230
407.61,405.388,0.740741,387231
412.091,409.868,0.740741,387232
415.169,412.946,0.740741,387233
417.595,415.373,0.740741,387234
419.511,417.288,0.740741,387235
420.554,418.332,0.740741,387236
426.682,424.46,0.740741,387237
427.758,425.536,0.740741,387238
429.72,427.498,0.740741,387239
436.219,433.997,0.740741,387240
439.467,437.245,0.740741,387241
439.877,437.654,0.740741,387242
440.315,438.093,0.740741,387243
443.995,441.773,0.740741,387245
445.583,443.361,0.740741,387246
447.22,440.554,2.22222,387244
447.897,445.675,0.740741,387247
449.373,447.15,0.740741,387248
451.198,448.976,0.740741,387249
452.374,450.151,0.740741,387250
460.138,457.915,0.740741,387252
461.122,454.456,2.22222,387251
466.761,464.538,0.740741,387253
468.392,466.17,0.740741,387254
471.36,469.138,0.740741,387255
476.098,473.875,0.740741,387256
480.052,477.83,0.740741,387257
511.085,508.863,0.740741,387258
523.547,516.88,2.22222,387259
531.696,529.474,0.740741,387260
544.973,542.751,0.740741,387261
545.636,543.414,0.740741,387262
547.689,545.467,0.740741,387263
551.648,549.426,0.740741,387264
552.476,550.254,0.740741,387265
564.396,557.729,2.22222,387266
564.74,562.518,0.740741,387267
565.174,562.952,0.740741,387268
573.983,567.316,2.22222,387269
574.125,571.903,0.740741,387270
579.805,577.583,0.740741,387271
589.17,586.948,0.740741,387272
594.669,592.447,0.740741,387273
607.781,605.559,0.740741,387274
623.833,621.61,0.740741,387275
628.327,626.104,0.740741,387276
630.58,626.135,1.48148,387277
633.976,631.754,0.740741,387278
641.044,636.6,1.48148,387279
641.677,639.455,0.740741,387280
647.247,640.581,2.22222,387281
650.144,647.922,0.740741,387283
651.779,649.557,0.740741,387284
653.849,647.182,2.22222,387282
655.373,653.15,0.740741,387286
658.017,651.35,2.22222,387285
669.955,667.732,0.740741,387287
670.465,668.242,0.740741,387288
672.813,670.59,0.740741,387290
675.851,673.629,0.740741,387291
676.672,670.005,2.22222,387289
677.823,675.601,0.740741,387292
679.655,677.433,0.740741,387293
680.738,678.515,0.740741,387294
680.814,678.592,0.740741,387295
683.955,681.733,0.740741,387296
687.335,685.113,0.740741,387297
688.055,685.832,0.740741,387298
693.306,691.084,0.740741,387299
696.621,694.399,0.740741,387300
699.636,697.414,0.740741,387301
702.341,700.119,0.740741,387303
703.576,699.131,1.48148,387302
718.311,716.089,0.740741,387305
719.857,713.19,2.22222,387304
720.534,717.208,0.740741,387307
722.756,719.808,0.740741,387309
723.82,717.153,2.22222,387306
724.301,717.342,1.48148,387308
724.978,721.462,0.740741,387310
726.086,723.864,0.740741,387311
740.22,737.998,0.740741,387312
743.392,741.17,0.740741,387314
745.028,738.361,2.22222,387313
749.488,747.266,0.740741,387315
749.842,747.62,0.740741,387316
750.98,748.757,0.740741,387317
754.879,752.657,0.740741,387318
765.158,762.936,0.740741,387319
771.823,769.601,0.740741,387320
778.282,776.06,0.740741,387322
778.864,776.642,0.740741,387323
780.504,777.694,0.740741,387324
780.526,773.86,2.22222,387321
783.317,781.095,0.740741,387325
784.699,782.477,0.740741,387326
800.97,798.748,0.740741,387327
803.238,801.016,0.740741,387328
804.594,802.371,0.740741,387329
816.27,814.048,0.740741,387330
817.245,815.023,0.740741,387331
818.742,816.52,0.740741,387332
832.613,830.391,0.740741,387333
833.078,830.856,0.740741,387334
834.08,831.858,0.740741,387335
844.362,837.695,2.22222,387336
850.107,847.885,0.740741,387337
858.568,856.346,0.740741,387339
860.358,853.692,2.22222,387338
862.932,860.71,0.740741,387340
867.004,864.781,0.740741,387341
872.951,870.729,0.740741,387342
891.526,884.859,2.22222,387343
893.29,891.067,0.740741,387344
893.708,891.486,0.740741,387345
895.999,891.554,1.48148,387346
896.425,894.203,0.740741,387347
902.152,897.707,1.48148,387348
908.127,903.683,1.48148,387349
910.143,905.699,1.48148,387350
914.24,912.018,0.740741,387351
914.655,912.433,0.740741,387352
926.304,924.081,0.740741,387353
928.137,925.915,0.740741,387355
932.455,925.789,2.22222,387354
936.897,934.675,0.740741,387357
939.185,932.518,2.22222,387356
946.645,944.423,0.740741,387358
956.793,954.571,0.740741,387360
957.173,954.951,0.740741,387361
958.958,952.291,2.22222,387359
963.459,955.991,2.22222,387362
964.222,962,0.740741,387363
964.515,962.293,0.740741,387364
972.248,970.025,0.740741,387365
975.977,973.755,0.740741,387366
984.405,979.96,1.48148,387367
989.674,983.008,2.22222,387368
990.745,988.522,0.740741,387369
999.094,994.65,1.48148,387370
1002.46,1000.24,0.740741,387371
1016.29,1014.07,0.740741,387372
1022.07,1019.85,0.740741,387373
1035.57,1028.91,2.22222,387374
1035.69,1033.47,0.740741,387375
1037,1034.78,0.740741,387376
1056.72,1054.5,0.740741,387377
1070.62,1068.39,0.740741,387378
1073.05,1070.82,0.740741,387379
1073.47,1071.24,0.740741,387380
1074.42,1072.19,0.740741,387381
1076.84,1074.62,0.740741,387382
1107.29,1105.07,0.740741,387383
1108.62,1106.4,0.740741,387384
1113.24,1111.02,0.740741,387385
1119.21,1114.77,1.48148,387386
1126.97,1122.53,1.48148,387387
1133.5,1131.28,0.740741,387389
1134.91,1128.24,2.22222,387388
1138.93,1136.71,0.740741,387390
1141.81,1139.59,0.740741,387391
1145.2,1142.98,0.740741,387392
1146.35,1144.13,0.740741,387393
1162.61,1160.38,0.740741,387394
1172.66,1170.43,0.740741,387395
1175.51,1173.29,0.740741,387396
1177.26,1175.04,0.740741,387397
1183.5,1181.28,0.740741,387398
1187.61,1185.39,0.740741,387399
1191.96,1189.74,0.740741,387400
1192.48,1190.26,0.740741,387401
1196.71,1194.49,0.740741,387402
1210.99,1208.76,0.740741,387403
1217.76,1215.54,0.740741,387404
1220.41,1218.19,0.740741,387405
1220.5,1218.28,0.740741,387406
1229.01,1226.79,0.740741,387407
1229.25,1227.03,0.740741,387408
1235.33,1233.11,0.740741,387409
1243.9,1241.67,0.740741,387410
1250.78,1248.56,0.740741,387411
1254.1,1251.87,0.740741,387412
1261.16,1258.94,0.740741,387413
1264.14,1259.7,1.48148,387414
1270.04,1267.82,0.740741,387415
1270.98,1268.75,0.740741,387416
1283.81,1281.58,0.740741,387417
1284.96,1282.73,0.740741,387418
1287.39,1282.94,1.48148,387419
1302.19,1299.97,0.740741,387420
1302.64,1300.42,0.740741,387421
1305.95,1301.51,1.48148,387422
1308.25,1306.03,0.740741,387423
1315.09,1312.87,0.740741,387424
1320.9,1318.68,0.740741,387425
1324.14,1321.92,0.740741,387426
1326.62,1324.4,0.740741,387427
1336.02,1333.79,0.740741,387428
1347.97,1345.74,0.740741,387429
1352.24,1350.02,0.740741,387430
1355.55,1353.33,0.740741,387431
1356.49,1354.27,0.740741,387432
1386.07,1379.4,2.22222,387433
1392.96,1390.74,0.740741,387434
1400.99,1398.76,0.740741,387435
1406.68,1404.46,0.740741,387436
1411.58,1409.35,0.740741,387438
1413.85,1407.18,2.22222,387437
1416.89,1414.66,0.740741,387439
1420.53,1418.31,0.740741,387440
1421.54,1419.32,0.740741,387441
1449.83,1443.16,2.22222,387442
1452.06,1449.84,0.740741,387443
1456.92,1454.7,0.740741,387444
1457.94,1455.72,0.740741,387445
1461.65,1459.43,0.740741,387446
1462.11,1459.89,0.740741,387447
1468.06,1465.84,0.740741,387448
1476.46,1474.24,0.740741,387449
1477.59,1475.37,0.740741,387450
1487.49,1485.27,0.740741,387451
1496.17,1493.95,0.740741,387452
1497.46,1495.24,0.740741,387453
1504.43,1497.76,2.22222,387454
1504.47,1497.81,2.22222,387455
1513.23,1511.01,0.740741,387456
1513.25,1511.02,0.740741,387457
1518,1515.78,0.740741,387458
1518.04,1515.81,0.740741,387459
1520.62,1518.4,0.740741,387460
1522.79,1520.57,0.740741,387461
1541.12,1536.68,1.48148,387462
1542.35,1540.13,0.740741,387464
1545.97,1539.31,2.22222,387463
1547.12,1544.89,0.740741,387465
1554.48,1552.26,0.740741,387466
1554.93,1552.71,0.740741,387467
1555.63,1553.41,0.740741,387468
1564.3,1562.07,0.740741,387469
1567.26,1565.04,0.740741,387470
1574.12,1567.46,2.22222,387471
1583.41,1581.19,0.740741,387472
1590.42,1588.2,0.740741,387473
1591.33,1589.1,0.740741,387474
1591.38,1589.16,0.740741,387475
1593.58,1591.36,0.740741,387476
1593.8,1591.58,0.740741,387477
1599.26,1597.04,0.740741,387478
1599.44,1597.22,0.740741,387479
1601.85,1599.63,0.740741,387480
1602.5,1600.27,0.740741,387481
1609.67,1607.45,0.740741,387482
1613.38,1611.16,0.740741,387483
1618.82,1616.59,0.740741,387485
1621.08,1614.41,2.22222,387484
1623.32,1616.65,2.22222,387486
1627.18,1620.51,2.22222,387487
1637.87,1635.64,0.740741,387488
1639.7,1637.47,0.740741,387489
1643.02,1640.8,0.740741,387490
1644.62,1642.39,0.740741,387491
1650.85,1648.63,0.740741,387492
1651.53,1649.31,0.740741,387493
1658.02,1653.58,1.48148,387494
1658.83,1656.61,0.740741,387495
1661.07,1658.85,0.740741,387496
1671.34,1669.12,0.740741,387498
1672.32,1665.65,2.22222,387497
1676.87,1674.65,0.740741,387500
1677.8,1671.14,2.22222,387499
1678.02,1675.8,0.740741,387501
1679.09,1676.17,0.740741,387502
1680.77,1678.55,0.740741,387503
1682.14,1679.92,0.740741,387504
1696.87,1694.64,0.740741,387505
1699.83,1697.61,0.740741,387506
1701.83,1699.6,0.740741,387507
1707.89,1705.67,0.740741,387508
1718.2,1715.97,0.740741,387509
1724.59,1722.37,0.740741,387510
1730.66,1724,2.22222,387511
1733.6,1731.38,0.740741,387512
1733.64,1731.42,0.740741,387513
1738.81,1732.14,2.22222,387514
1740.22,1737.99,0.740741,387515
1743.46,1741.23,0.740741,387516
1746.17,1743.95,0.740741,387517
1752.6,1750.38,0.740741,387519
1752.93,1748.48,1.48148,387518
1757.25,1750.59,2.22222,387520
1763.56,1756.89,2.22222,387521
1766.03,1763.81,0.740741,387522
1771.21,1768.99,0.740741,387523
1775.2,1772.98,0.740741,387524
1776.89,1774.67,0.740741,387525
1779.5,1777.28,0.740741,387526
1781.04,1778.82,0.740741,387527
1784.46,1782.24,0.740741,387528
1784.94,1782.71,0.740741,387529
1786.58,1784.35,0.740741,387530
1796.59,1794.37,0.740741,387531
1799.44,1797.21,0.740741,387532
1808.15,1801.48,2.22222,387533
1812.67,1810.44,0.740741,387534
1819.27,1817.05,0.740741,387535
1830.06,1823.39,2.22222,387536
1830.95,1828.72,0.740741,387537
1836.15,1833.93,0.740741,387538
1838.89,1836.67,0.740741,387539
1841.6,1839.38,0.740741,387540
1843.14,1840.92,0.740741,387541
1843.37,1841.15,0.740741,387542
1856.58,1854.36,0.740741,387543
1864.35,1862.12,0.740741,387544
1867.9,1865.68,0.740741,387545
1869.05,1866.83,0.740741,387546
1869.79,1867.57,0.740741,387547
1870.72,1868.5,0.740741,387548
1875.74,1871.3,1.48148,387549
1892.08,1889.86,0.740741,387551
1892.91,1890.68,0.740741,387552
1894.72,1888.06,2.22222,387550
1896.54,1894.32,0.740741,387553
1897.43,1895.21,0.740741,387554
1908.57,1906.35,0.740741,387555
1912.78,1910.56,0.740741,387556
1913.61,1911.39,0.740741,387557
1921.81,1919.59,0.740741,387558
1926.27,1924.05,0.740741,387559
1931.71,1929.49,0.740741,387560
1932.6,1930.38,0.740741,387561
1940.62,1933.95,2.22222,387562
1941.13,1938.9,0.740741,387563
1942.44,1940.21,0.740741,387564
1952.96,1950.73,0.740741,387565
1955.52,1953.3,0.740741,387566
1957.59,1955.37,0.740741,387567
1963.01,1960.79,0.740741,387568
1965.18,1962.96,0.740741,387569
1972.7,1966.03,2.22222,387570
1974.73,1972.5,0.740741,387571
1976.69,1974.47,0.740741,387572
1978.28,1976.05,0.740741,387573
1987.38,1985.16,0.740741,387574
2007.06,2004.84,0.740741,387575
2009.22,2007,0.740741,387576
2010.95,2008.72,0.740741,387577
2013.95,2011.73,0.740741,387578
2020.49,2018.27,0.740741,387580
2023.79,2021.57,0.740741,387581
2024.15,2017.48,2.22222,387579
2024.21,2021.98,0.740741,387582
2030.46,2022.2,2.22222,387583
2030.78,2028.56,0.740741,387584
2034.13,2031.91,0.740741,387585
2038.46,2036.24,0.740741,387586
2048.73,2046.5,0.740741,387587
2052.75,2050.53,0.740741,387588
2053.27,2051.04,0.740741,387589
2055.15,2052.93,0.740741,387590
2058.08,2055.86,0.740741,387591
2067.92,2065.7,0.740741,387592
2077.23,2075.01,0.740741,387593
2088.08,2085.85,0.740741,387594
2093.8,2091.58,0.740741,387595
2112.98,2110.76,0.740741,387596
2115.73,2113.5,0.740741,387597
2130.81,2128.59,0.740741,387598
2133.74,2131.52,0.740741,387600
2135.83,2131.39,1.48148,387599
2137.92,2135.7,0.740741,387601
2139.9,2137.68,0.740741,387602
2141.5,2139.28,0.740741,387603
2148.66,2146.44,0.740741,387604
2158.39,2151.72,2.22222,387605
2158.54,2156.31,0.740741,387606
2161.35,2159.13,0.740741,387607
2161.77,2159.55,0.740741,387608
2163.69,2161.47,0.740741,387609
2176.58,2174.36,0.740741,387610
2181.21,2174.54,2.22222,387611
2183.03,2180.81,0.740741,387612
2184.75,2182.52,0.740741,387613
2188.53,2186.31,0.740741,387614
2192.29,2190.07,0.740741,387615
2198.13,2195.9,0.740741,387616
2215.76,2213.53,0.740741,387617
2219.95,2217.72,0.740741,387618
2228.1,2225.88,0.740741,387619
2228.31,2226.09,0.740741,387620
2229.09,2226.87,0.740741,387621
2245.04,2238.37,2.22222,387622
2245.12,2242.89,0.740741,387623
2249.22,2247,0.740741,387625
2250.38,2248.16,0.740741,387626
2250.78,2244.11,2.22222,387624
2255.6,2251.16,1.48148,387627
2266.99,2262.55,1.48148,387628
2273.35,2271.13,0.740741,387629
2275.8,2273.58,0.740741,387630
2279.42,2277.2,0.740741,387631
2279.7,2277.48,0.740741,387632
2282.86,2280.64,0.740741,387633
2285.5,2283.28,0.740741,387634
2287.71,2285.49,0.740741,387636
2288.88,2286.65,0.740741,387637
2289.93,2287.31,0.740741,387638
2290.58,2283.91,2.22222,387635
2295.21,2290.77,1.48148,387640
2295.96,2289.3,2.22222,387639
2302.05,2299.83,0.740741,387641
2315.55,2308.88,2.22222,387642
2318.22,2316,0.740741,387643
2322.1,2319.88,0.740741,387644
2327.3,2325.08,0.740741,387645
2332.33,2330.11,0.740741,387646
2342.52,2340.29,0.740741,387647
2345.52,2343.3,0.740741,387648
2350.81,2348.59,0.740741,387649
2358.46,2356.24,0.740741,387650
2368.2,2361.54,2.22222,387651
2384.97,2382.75,0.740741,387652
2393.11,2390.89,0.740741,387653
2396.72,2394.49,0.740741,387654
2399.76,2397.54,0.740741,387655
2405.83,2403.61,0.740741,387656
2406.81,2404.58,0.740741,387657
2412.62,2410.4,0.740741,387658
2415.1,2412.88,0.740741,387660
2416.87,2414.64,0.740741,387661
2418.69,2412.02,2.22222,387659
2432.3,2430.08,0.740741,387662
2451.65,2449.42,0.740741,387663
2472.39,2465.73,2.22222,387664
2474.84,2472.62,0.740741,387666
2474.89,2472.66,0.740741,387667
2477.7,2471.03,2.22222,387665
2481.97,2479.74,0.740741,387668
2486.09,2483.87,0.740741,387669
2486.79,2484.56,0.740741,387670
2490.29,2488.07,0.740741,387671
2504.2,2501.98,0.740741,387672
2510.92,2508.7,0.740741,387673
2510.96,2508.74,0.740741,387674
2514.84,2512.62,0.740741,387675
2519.24,2517.01,0.740741,387676
2530.81,2528.59,0.740741,387678
2533.96,2527.3,2.22222,387677
2544.52,2542.3,0.740741,387680
2546.37,2539.7,2.22222,387679
2547.52,2545.3,0.740741,387681
2551.58,2549.36,0.740741,387682
2554.24,2552.02,0.740741,387683
2564.34,2557.67,2.22222,387684
2567.88,2561.21,2.22222,387685
2573.36,2571.14,0.740741,387687
2575.36,2568.69,2.22222,387686
2585.98,2583.76,0.740741,387688
2592.74,2586.08,2.22222,387689
2594.14,2591.91,0.740741,387690
2596.46,2594.24,0.740741,387691
2598.31,2596.09,0.740741,387692
2598.31,2596.09,0.740741,387693
2600.19,2597.97,0.740741,387694
2606.62,2604.4,0.740741,387695
2607.28,2605.06,0.740741,387696
2608.85,2606.63,0.740741,387697
2610.47,2608.25,0.740741,387698
2614.22,2612,0.740741,387699
2627.9,2625.68,0.740741,387700
2631.84,2629.62,0.740741,387701
2654.23,2652.01,0.740741,387702
2654.66,2652.44,0.740741,387703
2655.06,2652.84,0.740741,387704
2671.01,2668.79,0.740741,387705
2676.72,2674.49,0.740741,387706
2680.65,2678.43,0.740741,387707
2682.03,2679.81,0.740741,387708
2687.56,2685.34,0.740741,387710
2691.71,2685.04,2.22222,387709
2695.74,2689.07,2.22222,387711
2704.79,2698.13,2.22222,387712
2715.55,2713.33,0.740741,387713
2717.41,2715.18,0.740741,387714
2720.29,2718.06,0.740741,387715
2726.14,2723.92,0.740741,387716
2732.36,2730.14,0.740741,387717
2733.34,2731.12,0.740741,387718
2736.01,2733.79,0.740741,387719
2747.13,2744.91,0.740741,387720
2754.2,2751.98,0.740741,387721
2768.24,2766.02,0.740741,387722
2771.28,2769.06,0.740741,387723
2775.61,2773.39,0.740741,387724
2780.46,2773.8,2.22222,387725
2782.22,2780,0.740741,387726
2792.85,2786.19,2.22222,387727
2795.01,2792.79,0.740741,387728
2802,2795.33,2.22222,387729
2808.04,2805.82,0.740741,387730
2819.17,2816.95,0.740741,387731
2830.24,2828.02,0.740741,387732
2835.92,2833.69,0.740741,387733
2841.37,2839.15,0.740741,387734
2848.83,2846.61,0.740741,387735
2860.9,2856.46,1.48148,387736
2863.89,2857.23,2.22222,387737
2883.83,2881.61,0.740741,387738
2888.76,2886.54,0.740741,387739
2895.53,2893.31,0.740741,387741
2898.64,2891.97,2.22222,387740
2901.03,2898.8,0.740741,387742
2906.62,2904.4,0.740741,387743
2910.59,2908.36,0.740741,387746
2912.52,2905.86,2.22222,387744
2913.13,2906.47,2.22222,387745
2915.93,2913.7,0.740741,387747
2919.62,2917.39,0.740741,387748
2924.24,2917.57,2.22222,387749
2928.66,2926.44,0.740741,387750
2932.97,2930.75,0.740741,387752
2935.02,2928.35,2.22222,387751
2937.46,2930.79,2.22222,387753
2946.33,2944.11,0.740741,387754
2948.25,2946.03,0.740741,387755
2948.69,2946.47,0.740741,387756
2950.88,2948.65,0.740741,387757
2960.19,2957.97,0.740741,387758
2967.71,2965.49,0.740741,387759
2976.81,2974.59,0.740741,387760
2976.87,2974.65,0.740741,387761
2987.51,2980.85,2.22222,387762
2988.5,2986.28,0.740741,387763
2999.6,2997.37,0.740741,387764
3003.42,3001.2,0.740741,387766
3007.17,3000.5,2.22222,387765
3008.06,3005.84,0.740741,387767
3016.04,3013.82,0.740741,387768
3017.07,3014.85,0.740741,387769
3021.57,3019.35,0.740741,387770
3046.1,3039.43,2.22222,387771
3051.65,3049.43,0.740741,387772
3052.95,3050.73,0.740741,387773
3052.96,3050.74,0.740741,387774
3053.87,3051.27,0.740741,387775
3055.18,3051.82,0.740741,387776
3055.81,3053.59,0.740741,387777
3059.08,3056.86,0.740741,387778
3071.98,3069.76,0.740741,387779
3076.72,3074.5,0.740741,387780
3082,3075.34,2.22222,387781
3087.7,3081.04,2.22222,387782
3089.98,3087.75,0.740741,387784
3090.92,3088.69,0.740741,387785
3092.87,3086.21,2.22222,387783
3093.59,3091.36,0.740741,387786
3095.73,3093.5,0.740741,387787
3096.42,3094.19,0.740741,387788
3101.18,3098.96,0.740741,387789
3104.24,3102.02,0.740741,387790
3106.96,3104.74,0.740741,387791
3112.69,3110.47,0.740741,387793
3114.36,3107.7,2.22222,387792
3132.35,3130.12,0.740741,387794
3137.21,3134.99,0.740741,387795
3144.75,3142.53,0.740741,387796
3148.36,3146.14,0.740741,387797
3154.73,3152.51,0.740741,387798
3159.78,3155.33,1.48148,387799
3161.25,3159.02,0.740741,387800
3162.54,3160.32,0.740741,387801
3163.73,3161.51,0.740741,387802
3167.03,3164.8,0.740741,387803
3168.51,3166.29,0.740741,387804
3180.06,3173.4,2.22222,387805
3182.84,3176.17,2.22222,387806
3190.79,3184.12,2.22222,387807
3195.76,3193.53,0.740741,387808
3197.8,3195.58,0.740741,387809
3200.07,3197.85,0.740741,387810
3202.35,3200.13,0.740741,387811
3205.08,3202.85,0.740741,387812
3209.87,3207.65,0.740741,387813
3222.42,3220.2,0.740741,387815
3222.43,3217.99,1.48148,387814
3241.82,3235.15,2.22222,387816
3245.24,3243.02,0.740741,387817
3252.04,3249.82,0.740741,387818
3253.11,3250.89,0.740741,387819
3256.89,3254.66,0.740741,387820
3266.76,3264.54,0.740741,387821
3267.98,3265.76,0.740741,387822
3276.76,3274.53,0.740741,387823
3281.78,3275.11,2.22222,387824
3282.03,3279.81,0.740741,387825
3290.72,3288.5,0.740741,387826
3302.3,3295.63,2.22222,387827
3308.75,3302.08,2.22222,387828
3309.09,3306.87,0.740741,387829
3313.27,3308.83,1.48148,387830
3315.08,3312.86,0.740741,387831
3316.29,3314.07,0.740741,387832
3318.39,3316.17,0.740741,387833
3320.37,3318.15,0.740741,387834
3322.34,3320.12,0.740741,387835
3329.21,3326.99,0.740741,387836
3334.62,3332.39,0.740741,387837
3336.17,3333.94,0.740741,387838
3350.64,3348.42,0.740741,387839
3354.5,3352.28,0.740741,387840
3361.69,3359.46,0.740741,387841
3363.4,3361.17,0.740741,387842
3369.65,3367.43,0.740741,387844
3373.92,3367.26,2.22222,387843
3381.82,3379.6,0.740741,387845
3382.49,3380.27,0.740741,387846
3383.03,3380.81,0.740741,387847
3391.62,3389.4,0.740741,387848
3398.03,3391.36,2.22222,387849
3399.9,3397.68,0.740741,387850
3402.21,3399.99,0.740741,387851
3402.61,3400.39,0.740741,387852
3419.91,3417.69,0.740741,387853
3424.04,3421.82,0.740741,387854
3429.53,3427.31,0.740741,387855
3439.19,3436.97,0.740741,387856
3442.36,3440.14,0.740741,387858
3443.26,3441.04,0.740741,387859
3443.65,3436.98,2.22222,387857
3449.22,3446.99,0.740741,387860
3454.48,3452.26,0.740741,387861
3460.06,3457.83,0.740741,387862
3467.67,3465.45,0.740741,387863
3470.93,3468.7,0.740741,387864
3479.44,3477.22,0.740741,387865
3481.66,3479.43,0.740741,387866
3495.28,3493.05,0.740741,387867
3496.05,3493.83,0.740741,387868
3502.2,3499.98,0.740741,387869
3510.94,3508.72,0.740741,387870
3523.18,3520.95,0.740741,387871
3526.7,3524.48,0.740741,387872
3533.49,3531.27,0.740741,387873
3541.92,3539.7,0.740741,387874
3548.55,3546.33,0.740741,387875
3567.25,3565.03,0.740741,387876
3584.57,3582.35,0.740741,387878
3586.2,3583.98,0.740741,387879
3587.47,3580.81,2.22222,387877
3599.06,3596.84,0.740741,387881
3599.78,3597.56,0.740741,387882
3601.34,3594.68,2.22222,387880
3601.9,3599.68,0.740741,387883
3607.92,3603.48,1.48148,387884
3609.41,3607.19,0.740741,387885
3613.53,3611.31,0.740741,387886
3613.75,3611.53,0.740741,387887
3617.61,3615.38,0.740741,387889
3619.83,3615.49,0.740741,387891
3621.41,3614.75,2.22222,387888
3622.11,3615.44,2.22222,387890
3625.74,3623.52,0.740741,387893
3628.15,3621.49,2.22222,387892
3632.57,3630.35,0.740741,387894
3638.8,3636.57,0.740741,387895
3640.74,3638.51,0.740741,387897
3644.3,3637.63,2.22222,387896
3648.69,3646.47,0.740741,387899
3650.36,3643.7,2.22222,387898
3657.81,3655.58,0.740741,387900
3661.29,3656.84,1.48148,387901
3666.7,3664.48,0.740741,387902
3684.06,3681.84,0.740741,387903
3685.86,3683.64,0.740741,387904
3690.76,3688.54,0.740741,387905
3698.93,3696.7,0.740741,387906
3706.02,3703.79,0.740741,387907
3707.47,3705.25,0.740741,387908
3711.19,3708.97,0.740741,387909
3714.42,3712.19,0.740741,387910
3723.75,3721.52,0.740741,387911
3734.21,3731.99,0.740741,387912
3740.68,3734.01,2.22222,387913
3743.3,3741.08,0.740741,387914
3756.09,3753.87,0.740741,387915
3760.22,3757.99,0.740741,387916
3767.17,3764.94,0.740741,387918
3767.84,3765.62,0.740741,387919
3769.39,3766.75,0.740741,387920
3770.06,3766.93,0.740741,387921
3771.01,3764.34,2.22222,387917
3777.95,3775.73,0.740741,387922
3781.43,3779.2,0.740741,387923
3783.4,3781.18,0.740741,387924
3793.16,3786.5,2.22222,387925
3795.59,3793.37,0.740741,387927
3799.48,3792.81,2.22222,387926
3801.16,3798.94,0.740741,387929
3801.4,3794.74,2.22222,387928
3801.7,3799.25,0.740741,387930
3808.33,3806.11,0.740741,387931
3819.82,3817.6,0.740741,387932
3826.3,3819.63,2.22222,387933
3826.35,3824.13,0.740741,387934
3826.93,3824.7,0.740741,387935
3828.52,3825.62,0.740741,387936
3829.23,3827.01,0.740741,387937
3831.55,3829.33,0.740741,387938
3834.86,3832.63,0.740741,387939
3841.38,3839.15,0.740741,387940
3843.87,3841.65,0.740741,387941
3850.44,3848.22,0.740741,387942
3852.26,3850.04,0.740741,387943
3855.86,3851.41,1.48148,387944
3856,3853.78,0.740741,387946
3858.08,3853.86,0.740741,387947
3859.72,3853.05,2.22222,387945
3862.67,3854.91,2.22222,387948
3864,3861.78,0.740741,387949
3871.04,3868.82,0.740741,387950
3873.32,3871.1,0.740741,387951
3875.88,3873.66,0.740741,387952
3878.94,3876.71,0.740741,387954
3880.29,3878.06,0.740741,387955
3881.49,3874.82,2.22222,387953
3893.39,3891.16,0.740741,387956
3907.31,3905.09,0.740741,387957
3909.81,3907.59,0.740741,387958
3916.4,3914.18,0.740741,387959
3921.61,3917.16,1.48148,387960
3928.11,3925.89,0.740741,387961
3935.33,3933.11,0.740741,387962
3947.96,3941.29,2.22222,387963
3950.45,3948.23,0.740741,387964
3954,3951.78,0.740741,387965
3960.33,3958.1,0.740741,387966
3962.44,3960.22,0.740741,387967
3969.29,3967.07,0.740741,387968
3973.6,3971.38,0.740741,387969
3977.82,3975.6,0.740741,387971
3980.68,3978.45,0.740741,387972
3981.94,3975.28,2.22222,387970
3982.9,3979.65,0.740741,387974
3984.17,3980.1,0.740741,387975
3986.05,3979.38,2.22222,387973
3999.99,3997.76,0.740741,387976
4007.69,4005.47,0.740741,387978
4009.32,4002.65,2.22222,387977
4010.36,4008.14,0.740741,387979
4016.2,4013.98,0.740741,387980
4022.55,4020.33,0.740741,387981
4031.55,4029.33,0.740741,387982
4036.75,4034.53,0.740741,387983
4044.3,4042.08,0.740741,387984
4047.15,4044.93,0.740741,387985
4047.24,4045.01,0.740741,387986
4047.72,4045.5,0.740741,387987
4059.63,4057.41,0.740741,387988
4059.72,4057.5,0.740741,387989
4059.92,4057.69,0.740741,387990
4063.86,4061.64,0.740741,387992
4066.3,4059.44,2.22222,387991
4087.89,4085.67,0.740741,387993
4089.85,4087.63,0.740741,387994
4095.17,4092.95,0.740741,387995
4112.73,4108.28,1.48148,387996
4122.7,4116.03,2.22222,387997
4128.86,4126.64,0.740741,387999
4129.53,4127.31,0.740741,388000
4131.53,4124.86,2.22222,387998
4136.36,4134.14,0.740741,388001
4140.81,4138.59,0.740741,388002
4147.22,4140.55,2.22222,388003
4150.18,4147.96,0.740741,388004
4158,4155.77,0.740741,388005
4167.82,4161.16,2.22222,388006
4170.74,4164.08,2.22222,388007
4180.94,4178.72,0.740741,388008
4183.48,4181.25,0.740741,388009
4194,4191.77,0.740741,388010
4198.23,4196.01,0.740741,388011
4200.05,4197.83,0.740741,388012
4203.13,4200.91,0.740741,388013
4204.79,4202.57,0.740741,388014
4205.12,4202.9,0.740741,388015
4226.09,4223.87,0.740741,388017
4227.07,4220.4,2.22222,388016
4228.08,4225.86,0.740741,388018
4229.07,4226.85,0.740741,388019
4234.71,4232.49,0.740741,388020
4236.99,4234.76,0.740741,388021
4240.79,4238.56,0.740741,388022
4243.05,4240.83,0.740741,388023
4249.12,4242.45,2.22222,388024
4258.95,4252.29,2.22222,388025
4260.31,4258.08,0.740741,388026
4280.12,4277.9,0.740741,388027
4289.61,4287.39,0.740741,388028
4293.63,4291.4,0.740741,388029
4300.77,4296.32,1.48148,388030
4306.05,4303.82,0.740741,388031
4307.41,4305.19,0.740741,388032
4309.45,4307.23,0.740741,388033
4314.79,4312.57,0.740741,388034
4337.95,4331.28,2.22222,388035
4339.38,4337.16,0.740741,388036
4351.71,4349.49,0.740741,388037
4362.77,4360.55,0.740741,388038
4374.94,4372.71,0.740741,388039
4383.7,4381.48,0.740741,388040
4386.01,4381.56,1.48148,388041
4386.8,4384.58,0.740741,388043
4388.4,4383.95,1.48148,388042
4389.04,4386.81,0.740741,388044
4392.08,4387.63,1.48148,388045
4394.14,4391.92,0.740741,388046
4404.68,4402.46,0.740741,388048
4406.55,4399.88,2.22222,388047
4410.76,4408.54,0.740741,388049
4411.99,4409.76,0.740741,388050
4417.56,4415.34,0.740741,388051
4423.04,4420.82,0.740741,388052
4423.62,4421.4,0.740741,388053
4434.22,4431.99,0.740741,388054
4437.98,4435.76,0.740741,388055
4441.54,4439.32,0.740741,388056
4446.07,4443.85,0.740741,388057
4448.07,4445.85,0.740741,388058
4456.97,4454.75,0.740741,388060
4457.28,4455.05,0.740741,388061
4459.89,4457.67,0.740741,388062
4460.11,4453.44,2.22222,388059
4462.24,4460.02,0.740741,388063
4468.15,4465.93,0.740741,388064
4469.74,4467.52,0.740741,388065
4474.5,4467.84,2.22222,388066
4487.73,4481.06,2.22222,388067
4487.95,4485.72,0.740741,388069
4488.29,4481.62,2.22222,388068
4489.95,4486.55,0.740741,388070
4495.32,4493.1,0.740741,388071
4511,4508.78,0.740741,388072
4516.09,4511.65,1.48148,388073
4519.6,4517.38,0.740741,388074
4520.05,4517.83,0.740741,388075
4527.91,4525.68,0.740741,388077
4529.1,4526.88,0.740741,388078
4529.33,4522.66,2.22222,388076
4534.02,4531.8,0.740741,388079
4534.43,4532.21,0.740741,388080
4540.04,4537.82,0.740741,388081
4557.44,4555.22,0.740741,388082
4563.13,4560.91,0.740741,388083
4568.46,4564.01,1.48148,388084
4571.54,4569.32,0.740741,388085
4576.83,4574.61,0.740741,388086
4581.92,4577.48,1.48148,388087
4582.02,4579.8,0.740741,388088
4591.04,4588.82,0.740741,388089
4602.09,4599.87,0.740741,388090
4604.01,4601.79,0.740741,388091
4607.68,4605.46,0.740741,388092
4611.83,4609.61,0.740741,388093
4619.51,4617.29,0.740741,388095
4622.96,4616.3,2.22222,388094
4640.4,4638.18,0.740741,388096
4644.45,4642.22,0.740741,388097
4655.59,4651.15,1.48148,388098
4671.19,4668.97,0.740741,388100
4672.32,4665.66,2.22222,388099
4697.17,4694.95,0.740741,388102
4698.74,4696.51,0.740741,388103
4700.64,4693.97,2.22222,388101
4704.74,4702.52,0.740741,388104
4709.64,4707.42,0.740741,388105
4715.94,4713.71,0.740741,388106
4719.03,4716.81,0.740741,388108
4720.63,4713.96,2.22222,388107
4726.74,4724.52,0.740741,388109
4727.94,4725.71,0.740741,388110
4729.2,4726.98,0.740741,388111
4742.37,4740.15,0.740741,388113
4743.05,4738.61,1.48148,388112
4748.83,4746.61,0.740741,388114
4757.53,4755.3,0.740741,388115
4772.73,4770.51,0.740741,388116
4779.08,4776.86,0.740741,388117
4783.1,4780.88,0.740741,388118
4785.76,4783.53,0.740741,388119
4787.51,4785.29,0.740741,388120
4792.04,4789.82,0.740741,388121
4815.17,4812.95,0.740741,388124
4817.79,4811.12,2.22222,388122
4817.89,4811.23,2.22222,388123
4820.08,4817.86,0.740741,388125
4832.97,4830.74,0.740741,388126
4838.82,4836.59,0.740741,388128
4839.39,4832.73,2.22222,388127
4839.48,4837.25,0.740741,388129
4848.26,4846.04,0.740741,388130
4848.86,4846.64,0.740741,388131
4851,4848.78,0.740741,388132
4857.1,4850.44,2.22222,388133
4858.56,4851.89,2.22222,388134
4859.42,4852.75,2.22222,388135
4860.82,4858.6,0.740741,388136
4864.35,4862.13,0.740741,388138
4865.93,4859.27,2.22222,388137
4866.97,4864.75,0.740741,388139
4870.48,4868.26,0.740741,388141
4874.76,4868.1,2.22222,388140
4875.58,4873.36,0.740741,388142
4876.71,4874.49,0.740741,388143
4878.94,4876.72,0.740741,388144
4887.08,4884.86,0.740741,388145
4893.41,4886.74,2.22222,388146
4901.27,4899.05,0.740741,388148
4901.29,4894.62,2.22222,388147
4917,4914.78,0.740741,388150
4917.62,4913.18,1.48148,388149
4918.49,4916.27,0.740741,388151
4921.02,4918.8,0.740741,388152
4934.93,4928.27,2.22222,388153
4937.77,4935.55,0.740741,388154
4942.63,4935.96,2.22222,388155
4948.84,4946.62,0.740741,388156
4952.03,4949.8,0.740741,388157
4955.74,4953.51,0.740741,388158
4969.14,4962.47,2.22222,388159
4973.72,4971.5,0.740741,388160
4988.31,4986.09,0.740741,388161
4988.58,4986.36,0.740741,388162
4988.73,4986.51,0.740741,388163
4991.94,4989.71,0.740741,388164
4992.8,4990.58,0.740741,388165
4995.07,4992.85,0.740741,388166
5004.51,5002.28,0.740741,388168
5004.63,5002.41,0.740741,388169
5006.73,5003.01,0.740741,388170
5008.32,5006.1,0.740741,388171
5008.91,5002.24,2.22222,388167
5017.68,5015.46,0.740741,388172
5020.98,5018.75,0.740741,388173
5028.79,5026.57,0.740741,388174
5044.83,5040.38,1.48148,388175
5048.01,5041.34,2.22222,388176
5059.82,5057.6,0.740741,388177
5072.51,5065.84,2.22222,388178
5078.29,5076.07,0.740741,388179
5081.9,5079.68,0.740741,388181
5082.06,5079.84,0.740741,388182
5083.12,5076.45,2.22222,388180
5084.37,5082.15,0.740741,388183
5086.57,5084.35,0.740741,388184
5096.92,5094.69,0.740741,388185
5097.9,5095.68,0.740741,388186
5103.65,5101.43,0.740741,388187
5107.04,5104.82,0.740741,388189
5109.87,5103.21,2.22222,388188
5110.96,5108.74,0.740741,388190
5113.44,5109,1.48148,388191
5123.31,5121.09,0.740741,388192
5125.62,5123.39,0.740741,388193
5136.42,5129.75,2.22222,388194
5136.47,5134.25,0.740741,388195
5146.66,5140,2.22222,388196
5151.16,5148.94,0.740741,388198
5153.33,5146.66,2.22222,388197
5153.41,5151.19,0.740741,388199
5156.91,5154.69,0.740741,388200
5165.23,5158.56,2.22222,388201
5166.44,5164.22,0.740741,388202
5168.11,5165.89,0.740741,388203
5172.78,5170.56,0.740741,388204
5179.17,5176.95,0.740741,388205
5183.39,5181.17,0.740741,388206
5186.76,5184.54,0.740741,388207
5194.92,5192.7,0.740741,388208
5198.35,5196.13,0.740741,388209
5205.92,5199.25,2.22222,388210
5206.07,5203.85,0.740741,388211
5207.72,5205.5,0.740741,388212
5212.32,5207.87,1.48148,388213
5217.54,5213.09,1.48148,388214
5219.74,5217.52,0.740741,388215
5228.92,5226.7,0.740741,388217
5229.4,5227.17,0.740741,388218
5232.99,5226.32,2.22222,388216
5241.57,5239.35,0.740741,388219
5254.56,5252.34,0.740741,388221
5255.95,5253.73,0.740741,388222
5257.38,5250.72,2.22222,388220
5257.8,5255.58,0.740741,388223
5260.59,5258.37,0.740741,388225
5262.62,5255.91,2.22222,388224
5272.35,5270.13,0.740741,388226
5277.58,5275.36,0.740741,388227
5284.07,5281.85,0.740741,388228
5290.71,5288.49,0.740741,388229
5303.78,5301.56,0.740741,388230
5310.47,5308.25,0.740741,388232
5311.9,5305.23,2.22222,388231
5315,5312.77,0.740741,388233
5326.08,5323.86,0.740741,388234
5340.15,5333.49,2.22222,388235
5344.2,5341.98,0.740741,388236
5363.88,5361.66,0.740741,388237
5366.61,5364.39,0.740741,388238
5372.27,5370.04,0.740741,388239
5375.98,5373.76,0.740741,388240
5378.13,5375.91,0.740741,388241
5382.33,5380.11,0.740741,388242
5386.65,5384.43,0.740741,388243
5387.1,5384.88,0.740741,388244
5393.39,5386.72,2.22222,388245
5396.81,5394.59,0.740741,388247
5398.03,5391.36,2.22222,388246
5402.65,5400.43,0.740741,388248
5414.26,5412.03,0.740741,388249
5416.81,5414.59,0.740741,388250
5418.96,5416.74,0.740741,388251
5440.57,5433.9,2.22222,388252
5446.45,5444.22,0.740741,388254
5448.18,5445.95,0.740741,388255
5450.27,5443.6,2.22222,388253
5454.58,5452.36,0.740741,388256
5455.36,5453.13,0.740741,388257
5462.57,5460.35,0.740741,388258
5462.92,5460.7,0.740741,388259
5464.37,5462.14,0.740741,388260
5472.73,5466.07,2.22222,388261
5475.07,5470.63,1.48148,388262
5476.69,5474.47,0.740741,388263
5486.39,5481.95,1.48148,388264
5486.99,5484.77,0.740741,388265
5488.49,5486.27,0.740741,388266
5495.27,5488.6,2.22222,388267
5498.34,5491.68,2.22222,388268
5500.33,5498.11,0.740741,388270
5501.78,5495.12,2.22222,388269
5511.07,5508.85,0.740741,388271
5515.93,5513.71,0.740741,388272
5518.79,5516.57,0.740741,388274
5520.99,5518.77,0.740741,388275
5523.03,5516.36,2.22222,388273
5524.13,5521.91,0.740741,388276
5532.82,5530.6,0.740741,388278
5533.03,5528.58,1.48148,388277
5542.17,5539.95,0.740741,388279
5544.3,5542.08,0.740741,388280
5552.77,5550.55,0.740741,388281
5563.27,5561.05,0.740741,388282
5563.57,5561.35,0.740741,388283
5577.5,5570.83,2.22222,388284
5588.17,5585.94,0.740741,388285
5590.02,5587.8,0.740741,388286
5598.01,5595.79,0.740741,388287
5601.53,5599.31,0.740741,388288
5612.57,5610.35,0.740741,388289
5613.94,5611.72,0.740741,388290
5615.46,5613.24,0.740741,388291
5623.05,5616.39,2.22222,388292
5624.57,5622.35,0.740741,388293
5626.94,5622.5,1.48148,388294
5632.97,5630.75,0.740741,388295
5634.65,5632.42,0.740741,388296
5641.49,5634.83,2.22222,388297
5645.67,5643.45,0.740741,388298
5651.34,5644.67,2.22222,388299
5653.06,5646.39,2.22222,388300
5658.65,5656.43,0.740741,388301
5659,5656.78,0.740741,388302
5663.69,5661.46,0.740741,388303
5668.6,5666.38,0.740741,388304
5670.01,5667.78,0.740741,388305
5681.75,5679.52,0.740741,388306
5686.81,5684.59,0.740741,388307
5700.47,5696.03,1.48148,388308
5709.8,5707.57,0.740741,388309
5710.75,5708.52,0.740741,388310
5714.83,5712.61,0.740741,388311
5716.65,5714.43,0.740741,388313
5718.6,5716.38,0.740741,388314
5720.78,5714.12,2.22222,388312
5723.35,5721.13,0.740741,388315
5727.91,5725.69,0.740741,388316
5731.67,5729.45,0.740741,388317
5732.45,5730.23,0.740741,388318
5735.72,5733.49,0.740741,388320
5739.67,5733,2.22222,388319
5741.28,5739.06,0.740741,388321
5746.77,5744.55,0.740741,388322
5747.15,5744.93,0.740741,388323
5747.6,5745.38,0.740741,388324
5753.83,5751.61,0.740741,388325
5763.02,5756.35,2.22222,388326
5763.77,5761.55,0.740741,388327
5770.86,5768.64,0.740741,388328
5772.25,5770.03,0.740741,388330
5775.08,5772.86,0.740741,388331
5775.96,5769.29,2.22222,388329
5777.99,5775.77,0.740741,388332
5782.31,5780.09,0.740741,388333
5784.03,5781.81,0.740741,388334
5785.17,5782.95,0.740741,388336
5788.55,5781.88,2.22222,388335
5788.97,5786.75,0.740741,388337
5792.06,5789.84,0.740741,388338
5801.66,5799.44,0.740741,388339
5804.53,5802.31,0.740741,388340
5807.34,5805.12,0.740741,388341
5810.13,5807.91,0.740741,388342
5812.21,5809.98,0.740741,388343
5818.08,5815.86,0.740741,388346
5818.74,5812.07,2.22222,388344
5819.93,5815.49,1.48148,388345
5821.6,5819.38,0.740741,388347
5824.04,5821.82,0.740741,388348
5825.69,5823.47,0.740741,388349
5826.64,5824.42,0.740741,388350
5830.03,5827.8,0.740741,388351
5831.68,5829.46,0.740741,388352
5838.86,5836.64,0.740741,388353
5843.17,5840.95,0.740741,388354
5848.46,5846.24,0.740741,388355
5851.13,5848.91,0.740741,388356
5853.52,5851.29,0.740741,388358
5857.6,5850.93,2.22222,388357
5860.79,5858.57,0.740741,388359
5861.86,5859.64,0.740741,388360
5870.26,5868.04,0.740741,388361
5882.1,5875.43,2.22222,388362
5891,5888.78,0.740741,388364
5892.48,5885.81,2.22222,388363
5892.53,5890.3,0.740741,388365
5898.14,5895.92,0.740741,388366
5902.48,5900.26,0.740741,388367
5908.53,5906.31,0.740741,388369
5909.58,5907.36,0.740741,388370
5912.54,5905.87,2.22222,388368
5914.03,5909.05,1.48148,388372
5914.76,5910.17,0.740741,388373
5915.43,5908.76,2.22222,388371
5916.25,5911.55,0.740741,388374
5917.78,5915.56,0.740741,388375
5922.01,5919.79,0.740741,388376
5926.11,5923.89,0.740741,388377
5926.28,5924.06,0.740741,388378
5926.77,5924.55,0.740741,388379
5931.02,5928.8,0.740741,388380
5931.36,5929.14,0.740741,388381
5931.38,5929.16,0.740741,388382
5939.71,5937.49,0.740741,388384
5944.05,5937.39,2.22222,388383
5955.09,5952.87,0.740741,388385
5967.57,5965.35,0.740741,388386
5971.96,5969.74,0.740741,388387
5976,5973.78,0.740741,388388
5982,5979.77,0.740741,388389
5990.24,5983.57,2.22222,388390
5994.27,5992.05,0.740741,388391
5996,5993.78,0.740741,388392
6005.05,6002.83,0.740741,388393
6010.15,6007.93,0.740741,388394
6017.98,6015.76,0.740741,388395
6021.31,6019.09,0.740741,388396
6030.92,6028.69,0.740741,388397
6031.32,6029.1,0.740741,388398
6032.96,6030.74,0.740741,388399
6040.81,6038.59,0.740741,388400
6045.13,6042.91,0.740741,388401
6049.09,6046.86,0.740741,388402
6049.41,6047.19,0.740741,388403
6050.05,6047.83,0.740741,388404
6059.07,6056.85,0.740741,388405
6061.16,6058.94,0.740741,388406
6064.76,6062.54,0.740741,388407
6077.64,6075.42,0.740741,388408
6084.26,6082.04,0.740741,388409
6087.15,6084.92,0.740741,388410
6093.97,6091.75,0.740741,388411
6104.96,6102.74,0.740741,388412
6107.53,6105.31,0.740741,388414
6110.91,6104.24,2.22222,388413
6115.5,6113.28,0.740741,388415
6135.58,6133.36,0.740741,388416
6139.49,6137.27,0.740741,388417
6140.74,6138.52,0.740741,388419
6141.81,6137.37,1.48148,388418
6146.44,6144.21,0.740741,388420
6149.61,6145.16,1.48148,388421
6155.98,6153.75,0.740741,388422
6160.29,6158.07,0.740741,388423
6163.29,6161.07,0.740741,388424
6176.78,6174.55,0.740741,388425
6176.93,6174.71,0.740741,388426
6188.21,6183.76,1.48148,388427
6191.75,6189.53,0.740741,388428
6200.69,6198.46,0.740741,388429
6209.61,6207.39,0.740741,388430
6214.23,6212.01,0.740741,388431
6220.02,6217.8,0.740741,388432
6223.22,6220.99,0.740741,388433
6224.31,6222.09,0.740741,388434
6236.51,6234.28,0.740741,388435
6237.58,6235.36,0.740741,388436
6244.29,6242.07,0.740741,388437
6250.6,6248.38,0.740741,388438
6261.21,6258.99,0.740741,388439
6270.27,6268.04,0.740741,388440
6274.05,6271.83,0.740741,388441
6275.89,6273.66,0.740741,388442
6278.42,6276.2,0.740741,388443
6282.49,6280.27,0.740741,388444
6287.22,6285,0.740741,388445
6302.35,6297.9,1.48148,388447
6303.57,6296.9,2.22222,388446
6304.98,6302.76,0.740741,388448
6308.62,6306.4,0.740741,388449
6316.75,6314.52,0.740741,388450
6318.56,6316.34,0.740741,388451
6322.16,6319.93,0.740741,388452
6329.66,6327.44,0.740741,388453
6329.91,6327.69,0.740741,388454
6344.23,6342.01,0.740741,388455
6353.71,6347.04,2.22222,388456
6354.82,6352.6,0.740741,388457
6359.87,6357.65,0.740741,388458
6362.11,6359.89,0.740741,388459
6366.92,6364.69,0.740741,388460
6376.38,6369.71,2.22222,388461
6384.25,6382.03,0.740741,388462
6388.46,6386.24,0.740741,388463
6389.99,6387.77,0.740741,388464
6399.22,6397,0.740741,388465
6400.73,6398.51,0.740741,388467
6402.03,6399.81,0.740741,388468
6404.48,6397.82,2.22222,388466
6405.9,6403.67,0.740741,388469
6406.48,6404.26,0.740741,388470
6411.05,6408.82,0.740741,388471
6413.19,6410.97,0.740741,388472
6420.25,6418.02,0.740741,388474
6422.42,6415.75,2.22222,388473
6422.95,6420.73,0.740741,388475
6424.48,6422.26,0.740741,388476
6428,6425.78,0.740741,388477
6435.3,6433.08,0.740741,388478
6437.58,6435.36,0.740741,388479
6455.9,6453.67,0.740741,388481
6457.51,6450.84,2.22222,388480
6458.79,6456.57,0.740741,388482
6463.88,6461.66,0.740741,388483
6476.26,6471.81,1.48148,388484
6480.55,6478.33,0.740741,388485
6490.01,6485.57,1.48148,388486
6490.05,6487.83,0.740741,388487
6493.36,6491.14,0.740741,388488
6498.85,6496.63,0.740741,388489
6507.53,6500.87,2.22222,388490
6511.87,6505.2,2.22222,388491
6519.98,6517.76,0.740741,388492
6524.22,6522,0.740741,388493
6530.34,6528.12,0.740741,388494
6540.22,6537.99,0.740741,388495
6540.88,6538.66,0.740741,388496
6548.65,6546.43,0.740741,388497
6551.86,6549.64,0.740741,388498
6557.1,6554.88,0.740741,388499
6559.9,6557.68,0.740741,388500
6566.99,6564.77,0.740741,388501
6567.87,6565.65,0.740741,388502
6573.62,6571.4,0.740741,388503
6587.09,6584.87,0.740741,388504
6587.58,6585.36,0.740741,388505
6589.16,6586.93,0.740741,388506
6590.74,6588.52,0.740741,388507
6595.71,6593.49,0.740741,388508
6595.97,6593.75,0.740741,388509
6600.12,6597.9,0.740741,388510
6600.14,6597.92,0.740741,388511
6606.29,6604.07,0.740741,388512
6616.68,6614.46,0.740741,388513
6618.07,6615.84,0.740741,388514
6634.93,6632.71,0.740741,388515
6636.91,6634.68,0.740741,388516
6637.37,6635.15,0.740741,388517
6642.17,6639.94,0.740741,388518
6654.45,6652.23,0.740741,388519
6660.23,6658.01,0.740741,388520
6662.85,6660.63,0.740741,388521
6666.47,6664.24,0.740741,388523
6667.78,6661.11,2.22222,388522
6667.99,6665.76,0.740741,388524
6674.83,6672.61,0.740741,388525
6675.12,6672.9,0.740741,388526
6681.39,6679.17,0.740741,388527
6693.86,6691.63,0.740741,388528
6695.96,6693.74,0.740741,388529
6701.53,6699.31,0.740741,388530
6705.66,6701.22,1.48148,388531
6706.6,6704.38,0.740741,388532
6707.42,6705.2,0.740741,388533
6708.49,6706.27,0.740741,388534
6716.01,6713.79,0.740741,388535
6718.94,6716.72,0.740741,388537
6722.95,6716.28,2.22222,388536
6725.82,6723.6,0.740741,388538
6732.49,6730.27,0.740741,388539
6735.43,6733.2,0.740741,388540
6744.42,6742.19,0.740741,388541
6745.09,6742.86,0.740741,388542
6763.95,6761.73,0.740741,388543
6765.21,6762.98,0.740741,388544
6786.89,6784.67,0.740741,388545
6791.02,6788.8,0.740741,388546
6791.33,6789.11,0.740741,388547
6791.98,6789.76,0.740741,388548
6793.24,6789.8,0.740741,388549
6793.55,6790.24,0.740741,388550
6799.75,6797.53,0.740741,388551
6804.86,6802.64,0.740741,388552
6811.12,6808.9,0.740741,388553
6816.94,6814.72,0.740741,388554
6831.55,6829.33,0.740741,388555
6831.92,6829.7,0.740741,388556
6833.77,6830,0.740741,388558
6836.56,6829.9,2.22222,388557
6842.14,6839.92,0.740741,388559
6852.8,6850.58,0.740741,388561
6854.92,6848.25,2.22222,388560
6857.48,6855.25,0.740741,388562
6858.31,6856.09,0.740741,388563
6859.11,6856.89,0.740741,388564
6859.8,6857.58,0.740741,388565
6860.53,6858.28,0.740741,388566
6863.26,6861.04,0.740741,388567
6866.81,6864.59,0.740741,388568
6872.16,6869.93,0.740741,388569
6872.93,6870.7,0.740741,388570
6888.63,6886.41,0.740741,388571
6893.62,6891.4,0.740741,388572
6896.05,6893.83,0.740741,388573
6902.28,6900.05,0.740741,388574
6905.97,6903.75,0.740741,388575
6917.96,6915.74,0.740741,388576
6919.78,6917.56,0.740741,388577
6928.23,6926.01,0.740741,388579
6931.04,6924.37,2.22222,388578
6932.88,6926.21,2.22222,388580
6933.26,6926.85,0.740741,388582
6934.9,6926.23,2.22222,388581
6939,6936.77,0.740741,388583
6940.2,6937.98,0.740741,388584
6940.21,6937.99,0.740741,388585
6941.68,6939.46,0.740741,388586
6943.08,6940.86,0.740741,388587
6947.34,6945.12,0.740741,388588
6948.72,6946.49,0.740741,388589
6948.96,6946.74,0.740741,388590
6953.74,6951.52,0.740741,388591
6954.69,6952.47,0.740741,388592
6960.5,6958.28,0.740741,388593
6969.41,6967.19,0.740741,388594
6973.59,6971.37,0.740741,388595
6979.23,6977.01,0.740741,388596
6989,6986.78,0.740741,388597
6994.72,6992.5,0.740741,388598
6996.11,6993.89,0.740741,388599
7003.31,7001.09,0.740741,388600
7004.32,7002.1,0.740741,388601
7008.36,7003.92,1.48148,388602
7008.83,7006.6,0.740741,388603
7010.43,7008.21,0.740741,388604
7017.76,7015.54,0.740741,388605
7026.33,7024.11,0.740741,388606
7028.15,7025.93,0.740741,388607
7029.45,7027.23,0.740741,388608
7038.4,7031.73,2.22222,388609
7040.24,7035.79,1.48148,388610
7052.89,7050.67,0.740741,388611
7053.14,7050.92,0.740741,388612
7060.15,7057.93,0.740741,388613
7075.03,7068.37,2.22222,388614
7075.28,7073.06,0.740741,388615
7078.09,7075.86,0.740741,388616
7080.06,7077.83,0.740741,388617
7081.96,7079.74,0.740741,388618
7082.89,7080.67,0.740741,388619
7084.51,7082.29,0.740741,388620
7093.55,7091.32,0.740741,388621
7099,7096.78,0.740741,388622
7099.82,7097.59,0.740741,388623
7101.3,7099.08,0.740741,388624
7107.26,7105.04,0.740741,388625
7113.88,7107.21,2.22222,388626
7132.24,7125.57,2.22222,388627
7144.48,7142.25,0.740741,388628
7146.55,7144.33,0.740741,388629
7147.59,7145.37,0.740741,388630
7159.31,7157.09,0.740741,388631
7167.94,7165.72,0.740741,388633
7169.04,7162.38,2.22222,388632
7184.35,7182.12,0.740741,388634
7184.55,7182.33,0.740741,388635
7197.5,7195.28,0.740741,388636
7202.14,7199.92,0.740741,388637
7217.17,7214.95,0.740741,388639
7218.52,7216.3,0.740741,388640
7220.98,7214.31,2.22222,388638
7227.37,7225.15,0.740741,388641
7232.9,7230.68,0.740741,388642
7237.02,7232.57,1.48148,388643
7240.38,7238.16,0.740741,388644
7244.26,7242.03,0.740741,388645
7246.68,7244.46,0.740741,388646
7251.12,7248.9,0.740741,388647
7255.65,7253.43,0.740741,388648
7256.17,7253.95,0.740741,388649
7259.25,7257.03,0.740741,388650
7262.08,7259.85,0.740741,388651
7264.37,7262.15,0.740741,388652
7264.85,7262.63,0.740741,388653
7270.83,7268.61,0.740741,388654
7280.17,7277.94,0.740741,388655
7282.19,7279.97,0.740741,388656
7284.4,7282.18,0.740741,388657
7292.93,7286.26,2.22222,388658
7297.21,7294.98,0.740741,388660
7301,7294.34,2.22222,388659
7303.71,7301.49,0.740741,388661
7305.63,7303.4,0.740741,388663
7308.52,7301.86,2.22222,388662
7312.91,7308.47,1.48148,388664
7322.07,7319.85,0.740741,388665
7322.81,7320.59,0.740741,388666
7336.23,7329.57,2.22222,388667
7338.46,7335.77,0.740741,388670
7339.62,7332.95,2.22222,388668
7340.03,7335.59,1.48148,388669
7340.68,7336.45,0.740741,388671
7352.46,7350.24,0.740741,388672
7354.35,7352.13,0.740741,388673
7358.9,7356.67,0.740741,388674
7373.32,7366.65,2.22222,388675
7375.9,7373.68,0.740741,388676
7379.6,7377.38,0.740741,388677
7382.9,7380.68,0.740741,388678
7383.26,7381.04,0.740741,388679
7403.27,7396.6,2.22222,388680
7416.82,7414.6,0.740741,388681
7416.95,7414.73,0.740741,388682
7417.87,7415.64,0.740741,388683
7419.04,7416.46,0.740741,388684
7420.62,7418.4,0.740741,388685
7422.02,7419.8,0.740741,388686
7427.47,7425.25,0.740741,388688
7427.58,7423.14,1.48148,388687
7428.59,7426.37,0.740741,388689
7434.38,7432.16,0.740741,388690
7451.29,7446.85,1.48148,388691
7457.13,7450.47,2.22222,388692
7463.9,7461.68,0.740741,388694
7465.71,7461.26,1.48148,388693
7466.12,7463.7,0.740741,388696
7467.93,7464.64,0.740741,388697
7468.49,7461.82,2.22222,388695
7483.89,7481.67,0.740741,388698
7490.06,7487.84,0.740741,388700
7492.8,7490.58,0.740741,388701
7493.58,7486.91,2.22222,388699
7493.61,7491.39,0.740741,388702
7500.08,7497.86,0.740741,388704
7502.17,7495.5,2.22222,388703
7506.49,7504.27,0.740741,388705
7510.31,7508.09,0.740741,388706
7516.02,7513.8,0.740741,388707
7523.34,7521.12,0.740741,388708
7523.92,7521.7,0.740741,388709
7525.86,7523.63,0.740741,388710
7526.49,7524.27,0.740741,388711
7532.66,7530.44,0.740741,388713
7533.91,7531.69,0.740741,388714
7536.85,7530.19,2.22222,388712
7542.02,7539.79,0.740741,388715
7543.04,7540.82,0.740741,388716
7544.09,7541.87,0.740741,388717
7548.17,7543.72,1.48148,388718
7550.12,7547.9,0.740741,388719
7552.3,7550.08,0.740741,388720
7554.95,7552.73,0.740741,388721
7559.37,7557.15,0.740741,388722
7570.11,7567.88,0.740741,388723
7571.74,7569.52,0.740741,388724
7588.55,7581.89,2.22222,388725
7591.95,7589.73,0.740741,388726
7594.95,7592.73,0.740741,388727
7601.03,7598.81,0.740741,388728
7610.31,7603.65,2.22222,388729
7618.83,7616.61,0.740741,388730
7629.85,7627.62,0.740741,388731
7630.3,7628.08,0.740741,388732
7630.65,7628.43,0.740741,388733
7632.94,7630.71,0.740741,388734
7644.27,7642.05,0.740741,388736
7645.46,7643.24,0.740741,388737
7647.53,7640.86,2.22222,388735
7657.27,7655.05,0.740741,388738
7657.35,7655.13,0.740741,388739
7661.88,7657.43,1.48148,388740
7662.49,7660.26,0.740741,388741
7663.83,7661.6,0.740741,388742
7667.7,7665.48,0.740741,388743
7669.48,7667.26,0.740741,388744
7670.58,7668.36,0.740741,388745
7674.33,7672.11,0.740741,388746
7677.62,7673.18,1.48148,388747
7688.67,7686.44,0.740741,388748
7689.2,7686.98,0.740741,388749
7696.74,7694.52,0.740741,388751
7697.15,7690.48,2.22222,388750
7711.13,7708.91,0.740741,388752
7713.83,7711.61,0.740741,388753
7716.09,7713.86,0.740741,388754
7724.65,7722.43,0.740741,388755
7729.47,7722.81,2.22222,388756
7736.26,7734.04,0.740741,388757
7743.79,7741.57,0.740741,388758
7744.65,7742.42,0.740741,388759
7749.35,7747.13,0.740741,388760
7750.25,7748.02,0.740741,388761
7757.72,7755.49,0.740741,388764
7758.99,7752.32,2.22222,388762
7760.76,7754.09,2.22222,388763
7765.12,7762.9,0.740741,388765
7768.63,7766.41,0.740741,388766
7774.95,7772.73,0.740741,388767
7775.67,7773.44,0.740741,388768
7786.95,7784.73,0.740741,388769
7793.26,7791.04,0.740741,388770
7802.18,7799.96,0.740741,388771
7804.8,7802.58,0.740741,388772
7814.17,7811.95,0.740741,388773
7821.04,7818.81,0.740741,388774
7829.68,7827.46,0.740741,388775
7833.22,7831,0.740741,388776
7836.26,7834.04,0.740741,388777
7838.84,7836.61,0.740741,388778
7844.14,7837.47,2.22222,388779
7844.57,7842.35,0.740741,388780
7845.13,7842.91,0.740741,388781
7851.58,7849.36,0.740741,388782
7851.77,7849.54,0.740741,388783
7853.54,7851.32,0.740741,388784
7860.3,7858.08,0.740741,388785
7868.07,7865.85,0.740741,388786
7874.45,7867.79,2.22222,388787
7875,7872.78,0.740741,388788
7877.29,7875.06,0.740741,388789
7880.03,7877.81,0.740741,388791
7880.24,7875.8,1.48148,388790
7882.45,7880.23,0.740741,388793
7886.73,7880.06,2.22222,388792
7887.8,7885.58,0.740741,388794
7890.65,7888.43,0.740741,388795
7898.56,7896.34,0.740741,388796
7903.22,7901,0.740741,388797
7913.44,7906.78,2.22222,388798
7914.44,7912.21,0.740741,388799
7916.05,7913.82,0.740741,388800
7934.1,7931.87,0.740741,388801
7941.4,7934.73,2.22222,388802
7947.53,7945.31,0.740741,388803
7949.41,7947.19,0.740741,388804
7960.82,7958.6,0.740741,388805
7961.21,7958.99,0.740741,388806
7973.74,7971.52,0.740741,388807
7979.59,7975.14,1.48148,388808
7996.2,7993.98,0.740741,388809
8001.66,7999.44,0.740741,388810
8002.97,8000.75,0.740741,388811
8012.42,8010.2,0.740741,388813
8016.01,8009.35,2.22222,388812
8024.35,8022.12,0.740741,388815
8027.38,8020.72,2.22222,388814
8028.84,8026.62,0.740741,388816
8029.83,8027.61,0.740741,388817
8030.55,8028.33,0.740741,388818
8046.26,8044.03,0.740741,388820
8046.91,8044.69,0.740741,388821
8048.46,8041.79,2.22222,388819
8048.48,8045.83,0.740741,388822
8051.52,8049.3,0.740741,388823
8053.98,8051.76,0.740741,388824
8065.25,8063.03,0.740741,388825
8066.49,8064.27,0.740741,388826
8067.22,8065,0.740741,388827
8074.79,8072.57,0.740741,388828
8080.87,8078.65,0.740741,388829
8096.22,8094,0.740741,388831
8096.89,8094.67,0.740741,388832
8098.92,8092.26,2.22222,388830
8103.19,8100.97,0.740741,388833
8105.56,8103.34,0.740741,388834
8110.79,8108.57,0.740741,388835
8114.19,8111.97,0.740741,388836
8115.85,8113.62,0.740741,388837
8127.49,8125.27,0.740741,388838
8127.87,8125.65,0.740741,388839
8130.48,8128.26,0.740741,388840
8130.59,8128.37,0.740741,388841
8133.21,8130.99,0.740741,388842
8142.15,8135.48,2.22222,388843
8144.31,8142.09,0.740741,388844
8154.07,8151.84,0.740741,388845
8160.84,8158.62,0.740741,388846
8161.66,8159.43,0.740741,388847
8164.39,8162.17,0.740741,388848
8169.31,8162.65,2.22222,388849
8177.55,8175.33,0.740741,388850
8178.98,8176.76,0.740741,388851
8185.87,8183.65,0.740741,388852
8188.81,8186.58,0.740741,388854
8190.84,8184.18,2.22222,388853
8193.4,8191.17,0.740741,388855
8197.94,8195.72,0.740741,388856
8203.67,8199.23,1.48148,388857
8208.83,8206.61,0.740741,388859
8211.18,8204.51,2.22222,388858
8229.38,8227.16,0.740741,388861
8232.45,8225.79,2.22222,388860
8233.84,8231.62,0.740741,388862
8242.65,8240.43,0.740741,388863
8246.99,8242.54,1.48148,388864
8249.57,8247.34,0.740741,388865
8258.55,8256.33,0.740741,388866
8260.24,8258.02,0.740741,388867
8261.22,8259,0.740741,388868
8269.62,8265.17,1.48148,388869
8276.41,8274.18,0.740741,388870
8279.02,8276.79,0.740741,388871
8285.86,8283.64,0.740741,388872
8286.64,8284.42,0.740741,388873
8293.99,8291.77,0.740741,388874
8304.5,8297.84,2.22222,388875
8314.28,8312.06,0.740741,388876
8322.99,8318.54,1.48148,388877
8326.22,8321.78,1.48148,388879
8326.46,8319.8,2.22222,388878
8333.48,8331.26,0.740741,388881
8336.06,8329.4,2.22222,388880
8337.52,8335.3,0.740741,388882
8340.81,8338.59,0.740741,388883
8341.11,8338.89,0.740741,388884
8353.15,8350.93,0.740741,388885
8359.5,8357.28,0.740741,388887
8359.95,8353.29,2.22222,388886
8362.05,8359.83,0.740741,388888
8365.78,8363.56,0.740741,388889
8380.76,8374.09,2.22222,388890
8381.64,8379.42,0.740741,388891
8384.74,8382.51,0.740741,388892
8413.46,8411.24,0.740741,388894
8414.69,8410.24,1.48148,388893
8417.68,8415.45,0.740741,388895
8425.56,8423.34,0.740741,388896
8430.57,8428.35,0.740741,388897
8432.25,8430.02,0.740741,388898
8437.79,8433.35,1.48148,388899
8440.53,8438.31,0.740741,388901
8442.95,8436.28,2.22222,388900
8445.01,8440.56,1.48148,388902
8445.17,8441.91,0.740741,388904
8447.23,8444.52,0.740741,388905
8447.9,8441.24,2.22222,388903
8456.97,8454.74,0.740741,388906
8459.02,8456.8,0.740741,388907
8460.86,8458.64,0.740741,388908
8462.74,8460.52,0.740741,388909
8469.54,8467.32,0.740741,388910
8470.18,8467.95,0.740741,388912
8471.76,8468.17,0.740741,388913
8474.15,8467.49,2.22222,388911
8479.42,8477.2,0.740741,388914
8481.25,8479.02,0.740741,388915
8486.14,8483.92,0.740741,388916
8486.28,8484.06,0.740741,388917
8502.6,8500.38,0.740741,388918
8507.56,8505.34,0.740741,388919
8520.83,8518.61,0.740741,388920
8534.3,8527.64,2.22222,388921
8536.16,8533.93,0.740741,388922
8545.44,8543.21,0.740741,388924
8546.97,8540.3,2.22222,388923
8547.83,8545.61,0.740741,388925
8549.36,8547.14,0.740741,388926
8549.67,8547.45,0.740741,388927
8550.95,8548.73,0.740741,388928
8555.71,8553.49,0.740741,388929
8564.86,8562.64,0.740741,388930
8565.38,8563.16,0.740741,388931
8568.53,8566.31,0.740741,388932
8573.57,8571.35,0.740741,388933
8581.79,8579.57,0.740741,388934
8584.8,8582.58,0.740741,388935
8585.21,8582.99,0.740741,388936
8586.69,8584.46,0.740741,388937
8588.67,8586.44,0.740741,388938
8610.73,8608.51,0.740741,388939
8613.04,8610.82,0.740741,388940
8616.07,8613.84,0.740741,388941
8616.85,8614.63,0.740741,388942
8618.2,8615.98,0.740741,388943
8621.89,8619.66,0.740741,388944
8621.9,8619.68,0.740741,388945
8626.08,8623.86,0.740741,388946
8626.71,8624.49,0.740741,388947
8634.74,8632.52,0.740741,388948
8637.41,8635.19,0.740741,388949
8652.34,8650.11,0.740741,388950
8664.69,8662.47,0.740741,388951
8672.34,8665.68,2.22222,388952
8672.47,8668.03,1.48148,388954
8673.2,8666.53,2.22222,388953
8676.2,8673.98,0.740741,388955
8685.22,8683,0.740741,388956
8687.52,8685.29,0.740741,388957
8707.62,8705.4,0.740741,388958
8710.84,8708.62,0.740741,388959
8713.29,8711.07,0.740741,388960
8720.16,8717.94,0.740741,388961
8725.21,8720.76,1.48148,388962
8726.91,8724.69,0.740741,388963
8728.49,8726.26,0.740741,388964
8736.03,8733.8,0.740741,388965
8747.43,8745.21,0.740741,388966
8748.88,8746.66,0.740741,388967
8751.88,8749.66,0.740741,388968
8754.04,8751.82,0.740741,388969
8760.6,8753.93,2.22222,388970
8761.76,8755.1,2.22222,388971
8763.66,8761.44,0.740741,388972
8770.53,8768.31,0.740741,388973
8776.25,8774.03,0.740741,388974
8780.5,8778.28,0.740741,388975
8781.95,8779.73,0.740741,388976
8788.66,8781.99,2.22222,388977
8795.75,8793.53,0.740741,388978
8796.06,8793.84,0.740741,388979
8798.48,8796.26,0.740741,388980
8804.29,8802.07,0.740741,388981
8810.49,8808.26,0.740741,388982
8822.08,8819.86,0.740741,388983
8824.04,8821.82,0.740741,388984
8826.24,8824.02,0.740741,388986
8827.7,8823.25,1.48148,388985
8828.71,8826.48,0.740741,388987
8830.01,8827.79,0.740741,388988
8830.85,8828.63,0.740741,388989
8841.83,8839.61,0.740741,388990
8846.46,8844.23,0.740741,388991
8852.05,8849.83,0.740741,388992
8855.89,8853.66,0.740741,388993
8863.99,8861.77,0.740741,388994
8864.48,8862.26,0.740741,388995
8867.12,8864.9,0.740741,388996
8871.7,8869.47,0.740741,388997
8873.05,8870.82,0.740741,388998
8891.88,8889.66,0.740741,388999
8899.02,8896.79,0.740741,389001
8899.6,8892.93,2.22222,389000
8899.71,8897.49,0.740741,389002
8904.76,8902.53,0.740741,389003
8907.98,8905.76,0.740741,389004
8913.74,8907.07,2.22222,389005
8915.32,8908.65,2.22222,389006
8919.17,8912.5,2.22222,389007
8921.8,8919.58,0.740741,389008
8924.04,8921.81,0.740741,389010
8926.26,8923.86,0.740741,389012
8928.16,8921.49,2.22222,389009
8929.5,8922.83,2.22222,389011
8937.01,8934.78,0.740741,389013
8944.74,8942.52,0.740741,389014
8947.55,8945.32,0.740741,389015
8947.75,8945.53,0.740741,389016
8948.07,8945.84,0.740741,389017
8949.77,8946.42,0.740741,389018
8951.12,8948.9,0.740741,389019
8954.92,8952.7,0.740741,389020
8955.61,8953.38,0.740741,389021
8963.93,8957.27,2.22222,389022
8968.5,8961.83,2.22222,389023
8974.67,8972.45,0.740741,389025
8974.96,8968.3,2.22222,389024
8977.24,8975.01,0.740741,389026
8977.58,8975.36,0.740741,389027
8983.25,8981.02,0.740741,389028
8993.05,8990.83,0.740741,389029
8994.25,8992.03,0.740741,389030
9001.64,8999.42,0.740741,389031
9010.63,9008.41,0.740741,389033
9011.43,9009.2,0.740741,389034
9012.85,9009.73,0.740741,389035
9013.21,9006.54,2.22222,389032
9013.65,9010.49,0.740741,389036
9018.53,9016.31,0.740741,389037
9024.72,9022.5,0.740741,389038
9027.99,9023.55,1.48148,389039
9037.82,9035.6,0.740741,389040
9045.46,9043.24,0.740741,389041
9047.95,9045.72,0.740741,389042
9051.81,9049.59,0.740741,389043
9059,9056.78,0.740741,389044
9074.26,9072.04,0.740741,389045
9083.4,9081.18,0.740741,389046
9099.36,9097.14,0.740741,389047
9117.64,9115.42,0.740741,389048
9118.52,9116.3,0.740741,389049
9126.29,9124.07,0.740741,389050
9126.52,9124.3,0.740741,389051
9133.59,9126.92,2.22222,389052
9149.62,9147.4,0.740741,389053
9158.3,9156.08,0.740741,389054
9164.79,9158.12,2.22222,389055
9169.26,9167.04,0.740741,389056
9173.12,9170.9,0.740741,389058
9174.35,9167.69,2.22222,389057
9176.51,9174.29,0.740741,389060
9177.76,9175.54,0.740741,389061
9179.58,9177.36,0.740741,389062
9180.01,9173.34,2.22222,389059
9188.89,9182.23,2.22222,389063
9209.94,9207.72,0.740741,389064
9220.76,9218.54,0.740741,389065
9222.91,9220.69,0.740741,389066
9226.72,9224.5,0.740741,389067
9229.11,9226.89,0.740741,389068
9233.27,9231.05,0.740741,389070
9234.47,9232.25,0.740741,389071
9235.27,9228.6,2.22222,389069
9240.28,9238.06,0.740741,389072
9243.53,9241.31,0.740741,389073
9245.54,9243.32,0.740741,389074
9253.61,9251.39,0.740741,389075
9258.63,9256.4,0.740741,389076
9259.83,9257.61,0.740741,389077
9264.03,9261.81,0.740741,389079
9268.22,9261.55,2.22222,389078
9270.75,9268.53,0.740741,389081
9271.06,9264.4,2.22222,389080
9271.59,9269.36,0.740741,389082
9276.81,9274.59,0.740741,389083
9277.17,9274.95,0.740741,389084
9280.83,9278.6,0.740741,389085
9282.74,9280.52,0.740741,389086
9291.88,9289.66,0.740741,389087
9299.24,9292.57,2.22222,389088
9303.06,9296.39,2.22222,389089
9306.06,9303.84,0.740741,389090
9307.05,9304.83,0.740741,389091
9308.81,9306.59,0.740741,389092
9309.3,9307.08,0.740741,389093
9312,9309.78,0.740741,389094
9318.84,9316.61,0.740741,389095
9328.88,9326.66,0.740741,389096
9333.73,9331.5,0.740741,389097
9343.84,9341.62,0.740741,389098
9357.38,9355.16,0.740741,389099
9378.32,9376.1,0.740741,389100
9384.08,9381.86,0.740741,389101
9388.53,9386.31,0.740741,389102
9388.54,9386.32,0.740741,389103
9390.45,9388.22,0.740741,389104
9394.65,9392.42,0.740741,389105
9401.59,9399.37,0.740741,389106
9403.44,9401.22,0.740741,389107
9408.4,9403.96,1.48148,389108
9408.43,9406.21,0.740741,389109
9413.44,9406.78,2.22222,389110
9429.09,9426.87,0.740741,389111
9433.77,9431.55,0.740741,389112
9439.67,9437.45,0.740741,389113
9449.31,9442.64,2.22222,389114
9451.63,9449.41,0.740741,389115
9454.1,9451.87,0.740741,389116
9455.09,9452.87,0.740741,389117
9459.67,9457.44,0.740741,389118
9470.31,9468.09,0.740741,389119
9473.35,9471.13,0.740741,389120
9476.46,9474.23,0.740741,389121
9481.9,9479.68,0.740741,389122
9493.75,9491.53,0.740741,389124
9497.62,9490.96,2.22222,389123
9503.56,9499.11,1.48148,389126
9504.93,9498.27,2.22222,389125
9520.16,9517.94,0.740741,389129
9520.4,9515.96,1.48148,389127
9522.38,9519.17,0.740741,389130
9522.94,9516.27,2.22222,389128
9553.37,9551.15,0.740741,389132
9555.78,9549.11,2.22222,389131
9557.42,9555.2,0.740741,389134
9557.82,9551.16,2.22222,389133
9559.79,9557.57,0.740741,389135
9560.33,9558.11,0.740741,389136
9571.39,9564.72,2.22222,389137
9572.6,9570.38,0.740741,389138
9578.12,9575.89,0.740741,389139
9582.13,9579.91,0.740741,389140
9586.19,9583.97,0.740741,389141
9591.61,9589.39,0.740741,389142
9599.41,9597.18,0.740741,389143
9601.09,9598.87,0.740741,389144
9605.59,9603.37,0.740741,389145
9618.59,9616.37,0.740741,389146
9622.11,9619.89,0.740741,389147
9625.84,9623.61,0.740741,389149
9629.15,9622.49,2.22222,389148
9631.82,9625.15,2.22222,389150
9633.01,9630.79,0.740741,389152
9636.53,9629.86,2.22222,389151
9640.3,9638.08,0.740741,389153
9643.08,9640.86,0.740741,389154
9645.41,9643.19,0.740741,389155
9651.62,9649.4,0.740741,389156
9652.22,9650,0.740741,389157
9654.63,9652.41,0.740741,389158
9659.29,9657.06,0.740741,389159
9661.07,9658.84,0.740741,389160
9661.94,9659.71,0.740741,389161
9670.08,9667.86,0.740741,389162
9680.64,9678.42,0.740741,389163
9684.05,9681.83,0.740741,389164
9689.81,9687.59,0.740741,389166
9693.62,9686.95,2.22222,389165
9706.5,9699.83,2.22222,389167
9708.73,9706.51,0.740741,389169
9712.59,9705.92,2.22222,389168
9713.53,9711.31,0.740741,389170
9718.58,9716.36,0.740741,389171
9719.27,9717.05,0.740741,389172
9719.72,9717.5,0.740741,389173
9730.88,9728.66,0.740741,389174
9764.19,9761.97,0.740741,389175
9776.55,9769.88,2.22222,389176
9781.7,9779.48,0.740741,389177
9786.92,9784.7,0.740741,389178
9802.89,9796.22,2.22222,389179
9803.94,9797.27,2.22222,389180
9804.75,9802.52,0.740741,389181
9810.53,9808.31,0.740741,389182
9811.43,9809.21,0.740741,389183
9828.93,9822.27,2.22222,389184
9829.64,9827.42,0.740741,389185
9834.61,9827.94,2.22222,389186
9850.41,9848.19,0.740741,389187
9852.57,9850.35,0.740741,389188
9859.15,9856.93,0.740741,389189
9876.39,9871.94,1.48148,389190
9883.2,9880.98,0.740741,389191
9886.08,9883.85,0.740741,389192
9891.5,9889.28,0.740741,389193
9892.79,9890.56,0.740741,389194
9896.01,9893.78,0.740741,389195
9904.01,9899.57,1.48148,389197
9905.15,9898.48,2.22222,389196
9907.39,9905.17,0.740741,389198
9907.74,9905.52,0.740741,389199
9907.92,9905.7,0.740741,389200
9919.31,9917.09,0.740741,389201
9926.56,9924.34,0.740741,389202
9927.36,9925.14,0.740741,389203
9930.05,9927.83,0.740741,389204
9945.43,9943.2,0.740741,389205
9946.75,9944.53,0.740741,389206
9960.77,9958.55,0.740741,389207
9966.33,9964.11,0.740741,389209
9966.8,9964.58,0.740741,389210
9967.56,9960.9,2.22222,389208
9968.55,9965.97,0.740741,389211
9969.35,9967.12,0.740741,389212
9978.13,9971.46,2.22222,389213
9978.54,9976.32,0.740741,389214
9986.15,9983.93,0.740741,389215
10002.5,9995.8,2.22222,389216
